<?xml version="1.0" encoding="UTF-8"?>
<!DOCTYPE hibernate-configuration PUBLIC "-//Hibernate/Hibernate Configuration DTD 3.0//EN"
                                         "http://hibernate.sourceforge.net/hibernate-configuration-3.0.dtd">
<hibernate-configuration>
 <session-factory name="">
  <property name="hibernate.connection.driver_class">com.microsoft.sqlserver.jdbc.SQLServerDriver</property>
  <property name="hibernate.connection.password">sasasa</property>
  <property name="hibernate.connection.url">jdbc:sqlserver://localhost:1433;databaseName=shopping;</property>
  <property name="hibernate.connection.username">sa</property>
  <property name="hibernate.dialect">org.hibernate.dialect.SQLServer2008Dialect</property>
  	
  <mapping resource="com/po/Product.hbm.xml"/>
  <mapping resource="com/po/Userinfo.hbm.xml"/>
  <mapping resource="com/po/Cart.hbm.xml"/>
 </session-factory>
</hibernate-configuration>
